no,url
1,google.com
2,microsoft.com
3,amazonaws.com
4,facebook.com
5,root-servers.net
6,apple.com
7,akamai.net
8,a-msedge.net
9,youtube.com
10,azure.com
11,googleapis.com
12,twitter.com
13,cloudflare.com
14,akamaiedge.net
15,instagram.com
16,mail.ru
17,gstatic.com
18,office.com
19,linkedin.com
20,live.com
21,tiktokcdn.com
22,dzen.ru
23,googletagmanager.com
24,googlevideo.com
25,akadns.net
26,windowsupdate.com
27,microsoftonline.com
28,doubleclick.net
29,fbcdn.net
30,amazon.com
31,gtld-servers.net
32,googleusercontent.com
33,wikipedia.org
34,trafficmanager.net
35,bing.com
36,apple-dns.net
37,l-msedge.net
38,fastly.net
39,office.net
40,icloud.com
41,googlesyndication.com
42,wordpress.org
43,sharepoint.com
44,t-msedge.net
45,youtu.be
46,github.com
47,aaplimg.com
48,domaincontrol.com
49,netflix.com
50,whatsapp.net
51,pinterest.com
52,yahoo.com
53,digicert.com
54,s-msedge.net
55,appsflyersdk.com
56,cloudfront.net
57,adobe.com
58,goo.gl
59,windows.net
60,spotify.com
61,vimeo.com
62,cdn77.org
63,tiktokv.com
64,skype.com
65,whatsapp.com
66,gvt2.com
67,gvt1.com
68,google-analytics.com
69,bit.ly
70,msn.com
71,zoom.us
72,gandi.net
73,yandex.net
74,nic.ru
75,wordpress.com
76,ntp.org
77,wac-msedge.net
78,bytefcdn-oversea.com
79,cloudflare.net
80,office365.com
81,roblox.com
82,tiktok.com
83,qq.com
84,edgekey.net
85,ytimg.com
86,blogspot.com
87,comcast.net
88,e2ro.com
89,cloudflare-dns.com
90,mozilla.org
91,opera.com
92,reddit.com
93,unity3d.com
94,cdninstagram.com
95,googleadservices.com
96,googledomains.com
97,baidu.com
98,x.com
99,intuit.com
100,snapchat.com
101,lencr.org
102,europa.eu
103,tiktokcdn-eu.com
104,ax-msedge.net
105,amazon-adsystem.com
106,samsung.com
107,bytefcdn-ttpeu.com
108,a2z.com
109,dropbox.com
110,outlook.com
111,wa.me
112,t.me
113,nih.gov
114,gravatar.com
115,macromedia.com
116,rocket-cdn.com
117,mts.ru
118,tumblr.com
119,vk.com
120,app-analytics-services.com
121,app-measurement.com
122,aiv-cdn.net
123,ui.com
124,github.io
125,sentry.io
126,userapi.com
127,rbxcdn.com
128,msedge.net
129,spo-msedge.net
130,windows.com
131,dns.google
132,edgesuite.net
133,telecid.ru
134,nytimes.com
135,forms.gle
136,ttlivecdn.com
137,msftncsi.com
138,apache.org
139,paypal.com
140,adnxs.com
141,ggpht.com
142,xiaomi.com
143,archive.org
144,flickr.com
145,epicgames.com
146,one.one
147,dnsowl.com
148,pki.goog
149,applovin.com
150,b-msedge.net
151,nist.gov
152,registrar-servers.com
153,criteo.com
154,medium.com
155,webex.com
156,mangosip.ru
157,miit.gov.cn
158,meraki.com
159,dual-s-msedge.net
160,forbes.com
161,cnn.com
162,casalemedia.com
163,soundcloud.com
164,qlivecdn.com
165,steamserver.net
166,t.co
167,tiktokcdn-us.com
168,aliyuncs.com
169,cdn-apple.com
170,wildberries.ru
171,vtwenty.com
172,miui.com
173,shifen.com
174,omtrdc.net
175,azurewebsites.net
176,theguardian.com
177,nflxso.net
178,nginx.org
179,taboola.com
180,amazon.dev
181,akamaized.net
182,android.com
183,gmail.com
184,wsdvs.com
185,adobe.io
186,myfritz.net
187,w3.org
188,doubleverify.com
189,2mdn.net
190,kaspersky.com
191,demdex.net
192,ebay.com
193,yandex.ru
194,sciencedirect.com
195,okcdn.ru
196,adriver.ru
197,bbc.co.uk
198,nginx.com
199,bbc.com
200,creativecommons.org
201,twitch.tv
202,ozon.ru
203,cisco.com
204,my.com
205,edgecdn.ru
206,trbcdn.net
207,sourceforge.net
208,ivi.ru
209,imdb.com
210,jomodns.com
211,roku.com
212,3gppnetwork.org
213,mit.edu
214,t-online.de
215,amazonvideo.com
216,msftconnecttest.com
217,scorecardresearch.com
218,shopify.com
219,ubuntu.com
220,upcbroadband.com
221,salesforce.com
222,researchgate.net
223,b-cdn.net
224,akamaihd.net
225,health.mil
226,ring.com
227,dzeninfra.ru
228,who.int
229,youtube-nocookie.com
230,nr-data.net
231,azureedge.net
232,hubspot.com
233,rubiconproject.com
234,online.net
235,facebook.net
236,doi.org
237,f5.com
238,byteoversea.net
239,googleblog.com
240,booking.com
241,canva.com
242,wikimedia.org
243,launchdarkly.com
244,wixsite.com
245,hp.com
246,go.com
247,slack.com
248,ampproject.org
249,tinyurl.com
250,cedexis.net
251,businessinsider.com
252,linktr.ee
253,issuu.com
254,example.com
255,grammarly.com
256,cdc.gov
257,openx.net
258,opendns.com
259,oracle.com
260,taobao.com
261,discord.com
262,salesforceliveagent.com
263,harvard.edu
264,godaddy.com
265,weebly.com
266,appsflyer.com
267,mzstatic.com
268,3lift.com
269,espn.com
270,mtgglobals.com
271,tiktokv.us
272,reuters.com
273,cdngslb.com
274,pubmatic.com
275,adsrvr.org
276,drom.ru
277,stripe.com
278,google.com.br
279,sharethrough.com
280,wiley.com
281,media-amazon.com
282,avast.com
283,amazon.co.uk
284,crashlytics.com
285,dailymail.co.uk
286,www.gov.uk
287,smartadserver.com
288,washingtonpost.com
289,ttdns2.com
290,alibabadns.com
291,reg.ru
292,media.net
293,slideshare.net
294,o365filtering.com
295,netangels.ru
296,appcenter.ms
297,telekom.net
298,elisa.fi
299,samsungqbe.com
300,steampowered.com
301,weibo.com
302,nease.net
303,alicdn.com
304,bidswitch.net
305,rlcdn.com
306,openai.com
307,usatoday.com
308,ibm.com
309,bloomberg.com
310,googletagservices.com
311,samsungcloud.com
312,jsdelivr.net
313,atomile.com
314,nature.com
315,ripn.net
316,azurefd.net
317,telegraph.co.uk
318,xserver.jp
319,wsj.com
320,1c.ru
321,worldfcdn2.com
322,wbx2.com
323,moe.video
324,discord.gg
325,arubanetworks.com
326,playstation.net
327,adsafeprotected.com
328,criteo.net
329,etsy.com
330,un.org
331,springer.com
332,weather.com
333,shalltry.com
334,pangle.io
335,vungle.com
336,lijit.com
337,dailymotion.com
338,pages.dev
339,dotomi.com
340,samsungcloudsolution.com
341,wp.com
342,allawnos.com
343,php.net
344,douyincdn.com
345,ft.com
346,google.de
347,inmobi.com
348,mi.com
349,zendesk.com
350,dnsmadeeasy.com
351,nasa.gov
352,ea.com
353,ksyuncdn.com
354,liadm.com
355,notamedia.ru
356,quantserve.com
357,sc-cdn.net
358,list-manage.com
359,adform.net
360,mcafee.com
361,clarity.ms
362,ibyteimg.com
363,creativecdn.com
364,pixabay.com
365,outbrain.com
366,t-mobile.com
367,id5-sync.com
368,yximgs.com
369,chatgpt.com
370,unsplash.com
371,stackoverflow.com
372,stanford.edu
373,gnu.org
374,gosuslugi.ru
375,static.microsoft
376,independent.co.uk
377,consultant.ru
378,cnbc.com
379,cpanel.net
380,eventbrite.com
381,forter.com
382,autodesk.com
383,mozilla.com
384,sohu.com
385,ok.ru
386,checkpoint.com
387,elasticbeanstalk.com
388,inner-active.mobi
389,eset.com
390,quora.com
391,tripadvisor.com
392,force.com
393,pv-cdn.net
394,google.co.uk
395,tp-link.com
396,indeed.com
397,aliexpress.com
398,twimg.com
399,heytapdl.com
400,npr.org
401,mynetname.net
402,cdn20.com
403,hichina.com
404,xboxlive.com
405,statista.com
406,telekom.de
407,amazonalexa.com
408,globo.com
409,name-services.com
410,kaspersky-labs.com
411,goodreads.com
412,yahoo.co.jp
413,amazon.de
414,isnssdk.com
415,comfortel.pro
416,bilibili.com
417,myshopify.com
418,rambler.ru
419,giphy.com
420,braze.com
421,duckduckgo.com
422,sfx.ms
423,aol.com
424,foxnews.com
425,avcdn.net
426,att.net
427,nstld.com
428,capcutapi.com
429,walmart.com
430,xcal.tv
431,indexww.com
432,naver.com
433,g.page
434,nvidia.com
435,dell.com
436,aliyun.com
437,telegram.org
438,sc-gw.com
439,kwai-pro.com
440,dns-parking.com
441,byteoversea.com
442,cmediahub.ru
443,addtoany.com
444,teamviewer.com
445,time.com
446,tradingview.com
447,wired.com
448,firetvcaptiveportal.com
449,sophos.com
450,gamepass.com
451,entrust.net
452,blogger.com
453,wix.com
454,alibaba.com
455,imgsmail.ru
456,verisign.com
457,amzn.to
458,ttvnw.net
459,temu.com
460,huawei.com
461,debian.org
462,mikrotik.com
463,telegram.me
464,hicloud.com
465,speedtest.net
466,vedcdnlb.com
467,kwai.net
468,rzone.de
469,ngenix.net
470,launchpad.net
471,mayoclinic.org
472,beian.gov.cn
473,surveymonkey.com
474,scribd.com
475,behance.net
476,cnet.com
477,intel.com
478,adobe.net
479,online-metrix.net
480,onlinepbx.ru
481,cloud.microsoft
482,mediatek.com
483,safebrowsing.apple
484,duolingo.com
485,trustpilot.com
486,ovscdns.com
487,digitalocean.com
488,duckdns.org
489,phicdn.net
490,indiatimes.com
491,netease.com
492,calendly.com
493,ctdns.cn
494,google.com.hk
495,trendmicro.com
496,vkuser.net
497,ys7.com
498,squarespace.com
499,ted.com
500,sentinelone.net
501,cqloud.com
502,imcmdb.net
503,360yield.com
504,ups.com
505,disqus.com
506,delfi.lt
507,dnspod.net
508,akam.net
509,yahoodns.net
510,hotjar.com
511,google.ca
512,nypost.com
513,blueapron.com
514,virtualearth.net
515,uol.com.br
516,uber.com
517,google.fr
518,msidentity.com
519,gcdn.co
520,goskope.com
521,tencent-cloud.net
522,mozgcp.net
523,mysql.com
524,deviantart.com
525,icloud-content.com
526,imgur.com
527,hostgator.com
528,sapo.pt
529,chinamobile.com
530,aboutads.info
531,oup.com
532,buzzfeed.com
533,kahoot.it
534,mailchimp.com
535,vkontakte.ru
536,onetrust.com
537,amazon.co.jp
538,amazontrust.com
539,google.co.jp
540,deepintent.com
541,tds.net
542,prmsrvs.com
543,cdnbuild.net
544,freepik.com
545,nike.com
546,patreon.com
547,steamcommunity.com
548,visualstudio.com
549,cbsnews.com
550,lenta.com
551,nflxvideo.net
552,conviva.com
553,rakuten.co.jp
554,lenta.tech
555,googlezip.net
556,xhamster.com
557,loc.gov
558,spov-msedge.net
559,jquery.com
560,line.me
561,playstation.com
562,tandfonline.com
563,ca.gov
564,netflix.net
565,paloaltonetworks.com
566,usgovcloudapi.net
567,berkeley.edu
568,kaspi.kz
569,accuweather.com
570,bdydns.com
571,ietf.org
572,noaa.gov
573,sina.com.cn
574,mega.co.nz
575,grammarly.io
576,newsweek.com
577,datadoghq.com
578,163.com
579,yieldmo.com
580,merriam-webster.com
581,yandex.com
582,cornell.edu
583,smaato.net
584,qualtrics.com
585,eeroup.com
586,atlassian.com
587,britannica.com
588,cookielaw.org
589,amplitude.com
590,rt.ru
591,licdn.com
592,cloudapp.net
593,omnitagjs.com
594,marriott.com
595,ovscdns.net
596,techcrunch.com
597,ezvizlife.com
598,myqcloud.com
599,rackspace.net
600,yelp.com
601,shutterstock.com
602,newrelic.com
603,stackadapt.com
604,livejournal.com
605,ikea.com
606,agkn.com
607,timeweb.ru
608,tapad.com
609,docker.com
610,latimes.com
611,worldnic.com
612,google.es
613,google.co.in
614,free.fr
615,myspace.com
616,fb.com
617,branch.io
618,wattpad.com
619,crwdcntrl.net
620,typekit.net
621,spaceweb.pro
622,fontawesome.com
623,cookiedatabase.org
624,nel.goog
625,theverge.com
626,webmd.com
627,360.cn
628,google.it
629,warnerbros.com
630,byteglb.com
631,okta.com
632,amazon.fr
633,live.net
634,amazon.ca
635,optimizely.com
636,azure-dns.com
637,adobedtm.com
638,amazon.in
639,pinimg.com
640,svc.ms
641,fandom.com
642,w3schools.com
643,ieee.org
644,elpais.com
645,contentsquare.net
646,impervadns.net
647,crpt.ru
648,microsoftapp.net
649,prnewswire.com
650,cdnhwc1.com
651,ks-cdn.com
652,sagepub.com
653,jotform.com
654,nbcnews.com
655,dbankcloud.com
656,target.com
657,bidr.io
658,withgoogle.com
659,imrworldwide.com
660,spiegel.de
661,360safe.com
662,wb.ru
663,samsungapps.com
664,dns.cn
665,xvideos.com
666,aws.dev
667,cambridge.org
668,life360.com
669,investopedia.com
670,cdnhwc2.com
671,allaboutcookies.org
672,bestbuy.com
673,33across.com
674,herokuapp.com
675,bigo.sg
676,intercom.io
677,hbr.org
678,coinmarketcap.com
679,erome.com
680,gumgum.com
681,browser-intake-datadoghq.com
682,mediafire.com
683,xiaomi.net
684,usda.gov
685,klaviyo.com
686,service.gov.uk
687,networkadvertising.org
688,steamstatic.com
689,everesttech.net
690,fda.gov
691,contextweb.com
692,appspot.com
693,1rx.io
694,airbnb.com
695,sberbank.ru
696,mlb.com
697,healthline.com
698,unesco.org
699,bamgrid.com
700,avito.ru
701,brave.com
702,zemanta.com
703,shein.com
704,washington.edu
705,fastly-edge.com
706,easebar.com
707,lemonde.fr
708,pandora.com
709,samsungacr.com
710,deepl.com
711,anydesk.com
712,clever.com
713,theatlantic.com
714,box.com
715,nationalgeographic.com
716,ipv4only.arpa
717,e-msedge.net
718,incapdns.net
719,viber.com
720,huffingtonpost.com
721,mixpanel.com
722,people.com
723,homedepot.com
724,nikkei.com
725,cdnvideo.ru
726,ya.ru
727,awsglobalaccelerator.com
728,shopee.co.id
729,rackspace.com
730,name.com
731,turn.com
732,rncdn7.com
733,a-mo.net
734,zillow.com
735,globalsign.com
736,miwifi.com
737,mailchi.mp
738,pvp.net
739,yellowblue.io
740,pendo.io
741,comcast.com
742,sitescout.com
743,herokudns.com
744,fiverr.com
745,dbankcloud.cn
746,protek.ru
747,w55c.net
748,usps.com
749,bandcamp.com
750,plesk.com
751,sberdevices.ru
752,heytapmobile.com
753,tremorhub.com
754,kargo.com
755,gitlab.com
756,themeforest.net
757,rbc.ru
758,bugsnag.com
759,fast.com
760,google.cn
761,redislabs.com
762,amazon.it
763,dynatrace.com
764,hugedomains.com
765,att.com
766,bitdefender.com
767,canonical.com
768,mgts.ru
769,discordapp.com
770,vivoglobal.com
771,danewax.xyz
772,footprintdns.com
773,news.com.au
774,stickyadstv.com
775,isappcloud.com
776,onlyfans.com
777,ipredictive.com
778,mgid.com
779,youku.com
780,exp-tas.com
781,awswaf.com
782,zoho.com
783,cloudflareinsights.com
784,ssl-images-amazon.com
785,xnxx.com
786,upwork.com
787,quickconnect.to
788,liftoff.io
789,githubusercontent.com
790,me.com
791,rutube.ru
792,fb-t-msedge.net
793,google.pl
794,amazon.es
795,nelreports.net
796,bluehost.com
797,bitrix24.ru
798,princeton.edu
799,onetag-sys.com
800,epa.gov
801,huffpost.com
802,redhat.com
803,heylink.me
804,teads.tv
805,change.org
806,cloudns.net
807,1drv.com
808,unrulymedia.com
809,kickstarter.com
810,go-mpulse.net
811,recaptcha.net
812,worldbank.org
813,flashtalking.com
814,bootstrapcdn.com
815,shopee.com.br
816,pbs.org
817,addthis.com
818,scdn.co
819,iso.org
820,spbycdn.com
821,hihonorcloud.com
822,lefigaro.fr
823,ebay.co.uk
824,azure-devices.net
825,bild.de
826,fbsbx.com
827,netgear.com
828,nintendo.net
829,arxiv.org
830,chartboost.com
831,lenovo.com
832,unpkg.com
833,whitehouse.gov
834,bankofamerica.com
835,instructure.com
836,dns.ne.jp
837,spamhaus.org
838,dns.jp
839,ameblo.jp
840,lgtvcommon.com
841,fedex.com
842,arcgis.com
843,ad.gt
844,dnsv1.com
845,pubmnet.com
846,bytetcdn.com
847,google.com.mx
848,2gis.com
849,aniview.com
850,tbcache.com
851,beeline.ru
852,intentiq.com
853,gandi-ns.fr
854,tinkoff.ru
855,academia.edu
856,google.com.tr
857,samsungosp.com
858,firebaseio.com
859,mckinsey.com
860,pornhub.com
861,primevideo.com
862,va.gov
863,disneyplus.com
864,webrootcloudav.com
865,otto.de
866,wal-mart.com
867,mdpi.com
868,kohls.com
869,rapid7.com
870,myhuaweicloud.com
871,adjust.com
872,allegro.pl
873,hindustantimes.com
874,sonobi.com
875,apigee.net
876,genius.com
877,vivo.com.cn
878,statcounter.com
879,studocu.com
880,state.gov
881,classlink.com
882,amazon.com.br
883,wyzecam.com
884,spotifycdn.com
885,mozilla.net
886,mirtesen.ru
887,maricopa.gov
888,oraclecloud.com
889,wp.pl
890,markmonitor.com
891,workers.dev
892,daum.net
893,mobile.de
894,attn.tv
895,biblegateway.com
896,service-now.com
897,abovedomains.com
898,btloader.com
899,chaturbate.com
900,firefox.com
901,substack.com
902,alidns.com
903,chartbeat.net
904,aiv-delivery.net
905,nhk.or.jp
906,bytefcdn.com
907,discogs.com
908,smartthings.com
909,realtor.com
910,tokopedia.com
911,msecnd.net
912,apnews.com
913,llnwi.net
914,adroll.com
915,columbia.edu
916,mob.com
917,igamecj.com
918,supercell.com
919,deloitte.com
920,nest.com
921,segment.io
922,perfectdomain.com
923,synology.com
924,repubblica.it
925,hm.com
926,apple.news
927,typeform.com
928,economist.com
929,utorrent.com
930,rfihub.com
931,onet.pl
932,exelator.com
933,lowes.com
934,usnews.com
935,pccc.com
936,gihc.net
937,seznam.cz
938,dreamhost.com
939,adobedc.net
940,samsungcloudsolution.net
941,adgrx.com
942,weforum.org
943,supersonicads.com
944,riotgames.com
945,redd.it
946,ubnt.com
947,atlassian.net
948,hostgator.com.br
949,instabug.com
950,pikabu.ru
951,rspamd.com
952,innovid.com
953,kwai.com
954,umeng.com
955,ip-api.com
956,fb.me
957,character.ai
958,ovh.net
959,corriere.it
960,churnzero.net
961,immedia-semi.com
962,amagi.tv
963,youronlinechoices.com
964,redfin.com
965,xfinity.com
966,elmundo.es
967,heytapmobi.com
968,vmware.com
969,linode.com
970,openstreetmap.org
971,sharethis.com
972,chess.com
973,quizlet.com
974,hilton.com
975,ancestry.com
976,mercadolivre.com.br
977,umich.edu
978,onesignal.com
979,hotmail.com
980,dbankcloud.ru
981,166.com
982,symcb.com
983,dribbble.com
984,business.site
985,binance.com
986,skroutz.gr
987,mercadolibre.com.ar
988,ebay.de
989,amazon.com.mx
990,theconversation.com
991,ryanair.com
992,eporner.com
993,ioam.de
994,vkuseraudio.net
995,postrelease.com
996,businesswire.com
997,pexels.com
998,agoda.com
999,wbbasket.ru
1000,caixa.gov.br
1001,cbc.ca
1002,pusher.com
1003,www.gov.br
1004,wikihow.com
1005,macys.com
1006,geeksforgeeks.org
1007,pixiv.net
1008,spankbang.com
1009,si.com
1010,interia.pl
1011,francetvinfo.fr
1012,creditkarma.com
1013,namebrightdns.com
1014,savvis.net
1015,microsoftpersonalcontent.com
1016,psychologytoday.com
1017,msftauth.net
1018,ecosia.org
1019,kontur.ru
1020,idnes.cz
1021,split.io
1022,infonline.de
1023,samsungelectronics.com
1024,tagesschau.de
1025,chartbeat.com
1026,marca.com
1027,betweendigital.com
1028,alphonso.tv
1029,fbpigeon.com
1030,leparisien.fr
1031,al-array.com
1032,tplinkcloud.com
1033,domainmarket.com
1034,fortune.com
1035,bol.com
1036,flipkart.com
1037,4dex.io
1038,shopeemobile.com
1039,akismet.com
1040,moneycontrol.com
1041,gofundme.com
1042,jimdo.com
1043,quizizz.com
1044,olx.com.br
1045,trendyol.com
1046,lgtvsdp.com
1047,nexusmods.com
1048,coloros.com
1049,mwbsys.com
1050,stbid.ru
1051,immunet.com
1052,screenrant.com
1053,ohthree.com
1054,infobae.com
1055,xing.com
1056,no-ip.com
1057,epicgames.dev
1058,cdek.ru
1059,yale.edu
1060,evernote.com
1061,sportybet.com
1062,poki.com
1063,as.com
1064,apa.org
1065,ipify.org
1066,cloudinary.com
1067,bitdefender.net
1068,badoo.com
1069,ilovepdf.com
1070,goal.com
1071,kwcdn.com
1072,sportskeeda.com
1073,presage.io
1074,ubi.com
1075,terra.com.br
1076,digitaloceanspaces.com
1077,bfmtv.com
1078,spot.im
1079,abc.net.au
1080,rayjump.com
1081,gsmarena.com
1082,dyndns.org
1083,mastercard.com
1084,zenecn.net
1085,awmcdn.net
1086,nic.do
1087,eepurl.com
1088,volcfcdndvs.com
1089,tiqcdn.com
1090,biomedcentral.com
1091,plos.org
1092,samsungcloud.tv
1093,nflximg.com
1094,meethue.com
1095,news18.com
1096,sgsnssdk.com
1097,constantcontact.com
1098,datadome.co
1099,company-target.com
1100,frontiersin.org
1101,ox.ac.uk
1102,ouest-france.fr
1103,letterboxd.com
1104,coupang.com
1105,tsyndicate.com
1106,alipaydns.com
1107,newyorker.com
1108,agora.io
1109,livedoor.jp
1110,curseforge.com
1111,readthedocs.io
1112,marketwatch.com
1113,psu.edu
1114,clarin.com
1115,kwaipros.com
1116,n-tv.de
1117,cloud.com
1118,xhcdn.com
1119,statuspage.io
1120,aparat.com
1121,adnxs.net
1122,cspserver.net
1123,beget.com
1124,google.ru
1125,lanacion.com.ar
1126,gismeteo.ru
1127,vivo.com
1128,ameba.jp
1129,russianpost.ru
1130,python.org
1131,wps.com
1132,20minutos.es
1133,docomo.ne.jp
1134,yimg.com
1135,finn.no
1136,lwsdns.com
1137,rosminzdrav.ru
1138,kleinanzeigen.de
1139,apkpure.com
1140,leboncoin.fr
1141,amazon.com.tr
1142,douyinliving.com
1143,elconfidencial.com
1144,asu.edu
1145,cloudsink.net
1146,hulu.com
1147,dw.com
1148,moatads.com
1149,archiveofourown.org
1150,dns.com
1151,bluekai.com
1152,adrta.com
1153,mgslb.com
1154,dafont.com
1155,ertelecom.ru
1156,i18n-pglstatp.com
1157,onedrive.com
1158,akamaitechnologies.com
1159,mongodb.com
1160,udn.com
1161,getpocket.com
1162,telegraaf.nl
1163,olx.pl
1164,ad.nl
1165,india.com
1166,bmj.com
1167,vg.no
1168,wise.com
1169,richaudience.com
1170,flashscore.com
1171,jd.com
1172,coursera.org
1173,sahibinden.com
1174,nu.nl
1175,dmm.co.jp
1176,hltv.org
1177,upenn.edu
1178,wowhead.com
1179,pornpics.com
1180,tabelog.com
1181,mmechocaptiveportal.com
1182,sendgrid.net
1183,betano.com
1184,rightmove.co.uk
1185,jw.org
1186,itmedia.co.jp
1187,rule34.xxx
1188,nhentai.net
1189,notion.so
1190,jstor.org
1191,zdnet.com
1192,vnexpress.net
1193,ixl.com
1194,surfshark.com
1195,xhamster.desi
1196,espncricinfo.com
1197,irs.gov
1198,hurriyet.com.tr
1199,blizzard.com
1200,ynet.co.il
1201,sportingbet.com
1202,wswebpic.com
1203,yandexcloud.net
1204,kwimgs.com
1205,mercadolibre.com.mx
1206,dhl.com
1207,faphouse.com
1208,furaffinity.net
1209,vice.com
1210,dropboxapi.com
1211,remove.bg
1212,discord.media
1213,hitomi.la
1214,skyhigh.cloud
1215,gazzetta.it
1216,fb.watch
1217,varzesh3.com
1218,acesso.gov.br
1219,dns-shop.ru
1220,cookpad.com
1221,partners-show.com
1222,boyfriendtv.com
1223,magazineluiza.com.br
1224,rule34video.com
1225,avsxappcaptiveportal.com
1226,fdown.net
1227,excite.co.jp
1228,mythad.com
1229,digikala.com
1230,cricbuzz.com
1231,ixbt.com
1232,sciencedaily.com
1233,fanfiction.net
1234,bet365.com
1235,livescore.com
1236,txnhh.com
1237,youporn.com
1238,missav.com
1239,xvv1deos.com
1240,lichess.org
1241,yandexadexchange.net
1242,trustarc.com
1243,divar.ir
1244,zhihu.com
1245,cox.net
1246,mundodeportivo.com
1247,ddns.net
1248,konami.net
1249,capcut.com
1250,tribunnews.com
1251,ukr.net
1252,mashable.com
1253,ucla.edu
1254,meetup.com
1255,meesho.com
1256,livedoor.com
1257,redtube.com
1258,fetlife.com
1259,betnacional.com
1260,marktplaats.nl
1261,7games.bet
1262,zoom.com
1263,indiamart.com
1264,phncdn.com
1265,tplinknbu.com
1266,hln.be
1267,tabor.ru
1268,strpst.com
1269,googleapis.cn
1270,hepsiburada.com
1271,kunluncan.com
1272,makemytrip.com
1273,idealista.com
1274,snackvideo.in
1275,umn.edu
1276,bumlam.com
1277,dropbox-dns.com
1278,milliyet.com.tr
1279,megafon.ru
1280,argos.co.uk
1281,4chan.org
1282,roskazna.ru
1283,merkur.de
1284,samsungknox.com
1285,calculator.net
1286,cnnbrasil.com.br
1287,coolmathgames.com
1288,ladepeche.fr
1289,coomer.su
1290,myntra.com
1291,tencent.com
1292,byjus.com
1293,avira.com
1294,ntppool.org
1295,tvn24.pl
1296,pluto.tv
1297,donga.com
1298,kemono.su
1299,appier.net
1300,gdemoideti.ru
1301,sport.es
1302,nic.io
1303,about.com
1304,naukri.com
1305,mbga.jp
1306,wisc.edu
1307,typepad.com
1308,actu.fr
1309,afcdn.net
1310,starfall.com
1311,jut.su
1312,pewresearch.org
1313,bilibili.tv
1314,noodlemagazine.com
1315,futbin.com
1316,russianfood.com
1317,ui-dns.com
1318,namu.wiki
1319,dcinside.com
1320,jusbrasil.com.br
1321,oneindia.com
1322,dlsite.com
1323,xnxx-cdn.com
1324,medicalnewstoday.com
1325,tsn.ua
1326,vidaahub.com
1327,donmai.us
1328,auvik.com
1329,line-apps.com
1330,dsp-redirect.com
1331,novinky.cz
1332,hotpepper.jp
1333,mynet.com
1334,datto.com
1335,youjizz.com
1336,ilmessaggero.it
1337,rackcdn.com
1338,unifi-ai.com
1339,nesine.com
1340,dagbladet.no
1341,thisvid.com
1342,aternos.org
1343,dantri.com.vn
1344,funpay.com
1345,freefiremobile.com
1346,cardgames.io
1347,imhentai.xxx
1348,videy.co
1349,wswebcdn.com
1350,xhamster2.com
1351,fastcompany.com
1352,cdiscount.com
1353,ap4r.com
1354,n-able.com
1355,sanook.com
1356,oecd.org
1357,xhamster42.desi
1358,haberler.com
1359,e-hentai.org
1360,iltalehti.fi
1361,hianime.to
1362,asuracomic.net
1363,metropoles.com
1364,gelbooru.com
1365,24h.com.vn
1366,nikkansports.com
1367,superporn.com
1368,iporntv.net
1369,expedia.com
1370,fapello.com
1371,cnnindonesia.com
1372,jalan.net
1373,turkiye.gov.tr
1374,coinbase.com
1375,cloudflareclient.com
1376,ixxx.com
1377,nairaland.com
1378,auone.jp
1379,xnxx.es
1380,litnet.com
1381,xnxx2.com
1382,emag.ro
1383,jable.tv
1384,cdnhwc3.com
1385,sexvid.xxx
1386,canvas-user-content.com
1387,xnxx.tv
1388,18comic.vip
1389,ficbook.net
1390,xnxx.health
1391,pornhub.org
1392,hdtube.porn
1393,tenki.jp
1394,mangabuff.ru
1395,index.hr
1396,subito.it
1397,ilmeteo.it
1398,nintendo.com
1399,xnxx-arabic.com
1400,sedo.com
1401,weathernews.jp
1402,xvideos-cdn.com
1403,fanpage.it
1404,xhwide5.com
1405,khabaronline.ir
1406,justdial.com
1407,syosetu.com
1408,shahvani.com
1409,starmakerstudios.com
1410,sciencemag.org
1411,fatalmodel.com
1412,inven.co.kr
1413,uchi.ru
1414,superhosting.bg
1415,cnbcindonesia.com
1416,hanime1.me
1417,uidai.gov.in
1418,sozcu.com.tr
1419,cronista.com
1420,neopets.com
1421,opera.software
1422,bookmyshow.com
1423,protothema.gr
1424,rusoska.mobi
1425,fmkorea.com
1426,wac-dc-msedge.net
1427,eltiempo.es
1428,ptt.cc
1429,otomoto.pl
1430,ekstrabladet.dk
1431,gst.gov.in
1432,imagefap.com
1433,idealista.it
1434,jutarnji.hr
1435,motherless.com
1436,leroymerlin.fr
1437,youm7.com
1438,trello.com
1439,elsevier.com
1440,manoramaonline.com
1441,blic.rs
1442,sexlog.com
1443,granbluefantasy.jp
1444,gbnews.com
1445,1mg.com
1446,snaptik.app
1447,3bmeteo.com
1448,dhayxeqnylmaparu.net
1449,hollywoodbets.net
1450,umbrella.com
1451,bato.to
1452,game8.jp
1453,tokyomotion.net
1454,e621.net
1455,ssstik.io
1456,kooora.com
1457,hoyoverse.com
1458,nitrotype.com
1459,eenadu.net
1460,tesla.com
1461,seexh.com
1462,luxuretv.com
1463,xhamster1.desi
1464,gamewith.jp
1465,dan.com
1466,uci.edu
1467,loobygameshub.com
1468,happymod.com
1469,namasha.com
1470,locaweb.com.br
1471,g.co
1472,jetbrains.com
1473,livechatinc.com
1474,myreadingmanga.info
1475,quillbot.com
1476,mediaexpert.pl
1477,spectrum.com
1478,property24.com
1479,almasryalyoum.com
1480,mangago.me
1481,9animetv.to
1482,mangabuddy.com
1483,xxxbp.tv
1484,onlinesbi.sbi
1485,ajio.com
1486,fantia.jp
1487,twilio.com
1488,deezer.com
1489,fuq.com
1490,thisav.com
1491,aniwatchtv.to
1492,simpcity.su
1493,sxyprn.com
1494,marmiton.org
1495,xxxi.porn
1496,pussyspace.com
1497,porn300.com
1498,kompoz2.com
1499,cityheaven.net
1500,rakuten-sec.co.jp
1501,goojara.to
1502,smi2.net
1503,snapinsta.app
1504,cmoa.jp
1505,gpcloudservice.com
1506,harimanga.com
1507,elnacional.cat
1508,serviporno.com
1509,betway.co.za
1510,suumo.jp
1511,xvideos2.com
1512,jav.guru
1513,69shuba.cx
1514,zozo.jp
1515,exhentai.org
1516,spankbang.party
1517,tukif.com
1518,programme-tv.net
1519,mat6tube.com
1520,toppr.com
1521,aajtak.in
1522,banvenez.com
1523,xvideos.es
1524,prokerala.com
1525,lausd.net
1526,one.com
1527,mechacomic.jp
1528,testbook.com
1529,rat.xxx
1530,xvideos3.com
1531,tarafdari.com
1532,pussyboy.net
1533,supjav.com
1534,ifilo.net
1535,ninisite.com
1536,carsensor.net
1537,sexallarab.com
1538,sexvid.pro
1539,brainly.in
1540,qorno.com
1541,saednews.com
1542,wnacg.com
1543,sex-arebi.com
1544,mangalib.me
1545,hot-sex-tube.com
1546,sidrachain.com
1547,xvideos-ar.com
1548,brainly.com.br
1549,arabsex.to
1550,usgovtrafficmanager.net
1551,sexalarab.com
1552,toyhou.se
1553,listcrawler.eu
1554,pornocarioca.com
1555,beboo.ru
1556,freeip.me
1557,typekit.com
1558,livehindustan.com
1559,daily.co.jp
1560,telephony.goog
1561,epfindia.gov.in
1562,squarespacedns.com
1563,ruliweb.com
1564,algolia.net
1565,croxyproxy.com
1566,blockdh100c.co
1567,brainly.co.id
1568,blockdh100b.net
1569,carwale.com
1570,netkeiba.com
1571,singular.net
1572,xxxvideo.link
1573,joyclub.de
1574,hochi.news
1575,nps.gov
1576,porno666.la
1577,admin.ch
1578,tktube.com
1579,wto.to
1580,livescore.in
1581,altibbi.com
1582,mto.to
1583,dto.to
1584,xiaohongshu.com
1585,an1.com
1586,alura.com.br
1587,www.gob.mx
1588,mangatoto.com
1589,tvonenews.com
1590,ucweb.com
1591,patria.org.ve
1592,battwo.com
1593,betika.com
1594,sports.kz
1595,imgsrc.ru
1596,theqoo.net
1597,skipthegames.com
1598,xosodaiphat.com
1599,chordtela.com
1600,secureserver.net
1601,kakuyomu.jp
1602,bingoplus.com
1603,susercontent.com
1604,bikewale.com
1605,casinoplus.com.ph
1606,njuskalo.hr
1607,truyenfull.io
1608,fabswingers.com
1609,manhwaclan.com
1610,easy4ipcloud.com
1611,hentai.name
1612,fanmtl.com
1613,syosetu.org
1614,xbato.com
1615,screener.in
1616,conectate.com.do
1617,inkuai.com
1618,simontokx.online
1619,52shuku.vip
1620,skokka.com
1621,xoso.com.vn
1622,mhverifier.ru
1623,piccoma.com
1624,beget.ru
1625,arca.live
1626,ttoverseaus.net
1627,doujindesu.tv
1628,sss.gov.ph
1629,xpaja.net
1630,publi24.ro
1631,abozeb.com
1632,aljazeera.com
1633,geocities.com
1634,ijavhd.com
1635,apornvideo.com
1636,xhtab4.com
1637,eroterest.net
1638,happymh.com
1639,zbporn.tv
1640,czbooks.net
1641,ecnavi.jp
1642,diretta.it
1643,truyenqqto.com
1644,nosv.org
1645,rexporn.sex
1646,sexemodel.com
1647,musicza.co.za
1648,aftonbladet.se
1649,goal3.co
1650,confirmtkt.com
1651,wuxiabox.com
1652,promiedos.com.ar
1653,pornhat.one
1654,mega.nz
1655,arbada.com
1656,mobile-tracker-free.com
1657,fabguys.com
1658,porno18.site
1659,xnxx3.com
1660,rajwap.cc
1661,doublelist.com
1662,flashscore.com.br
1663,yako.pro
1664,carteldemanhwas.com
1665,desitales2.com
1666,evexxx.com
1667,kamababa.desi
1668,wapbold.net
1669,av19.gg
1670,550909.com
1671,grapee.jp
1672,dewafilm.xyz
1673,tmohentai.com
1674,momon-ga.com
1675,okxxx2.com
1676,playtime.ph
1677,diziwatch.net
1678,bpexch.com
1679,salonboard.com
1680,xxx18hot.com
1681,webxseries.com.co
1682,scan-manga.com
1683,jra.go.jp
1684,ojogodobicho.com
1685,betpawa.ug
1686,clip2vip.com
1687,visortmo.com
1688,escortbabylon.net
1689,ss.com
1690,autoplius.lt
1691,jra.jp
1692,efh8z.com
1693,onelink.me
1694,humoruniv.com
1695,skelbiu.lt
1696,2moviesda.com
1697,shaalaa.com
1698,flashscore.pl
1699,olimpbet.kz
1700,pmkisan.gov.in
1701,xbanxia.com
1702,girlschannel.net
1703,tjk.org
1704,dogdrip.net
1705,xxxhindi.to
1706,letras.mus.br
1707,123-hd.com
1708,tamildhool.net
1709,tuazar.com
1710,dto.jp
1711,betking.com
1712,sarkariresult.com
1713,enabiz.gov.tr
1714,escort.club
1715,geny.com
1716,gree-apps.net
1717,vailonxx.vip
1718,flashscore.fr
1719,boatrace.jp
1720,bakusai.com
1721,bakecaincontrii.com
1722,thscore.mobi
1723,gekso.xyz
1724,gimy.ai
1725,oddspark.com
1726,tubepatrol.cc
1727,animanch.com
1728,wannonce.com
1729,tubidy.cool
1730,alldesiporn.com
1731,sky.com
1732,dpbossss.services
1733,annunci69.it
1734,in3x.net
1735,xxxsexjav.com
1736,kkstories.com
1737,gree-pf.net
1738,freesexkahani.com
1739,yako.net
1740,ibomma.games
1741,turbo.az
1742,desitelugusex.com
1743,cam.ac.uk
1744,site777.jp
1745,yatv.red
1746,5movierulz.skin
1747,tjsp.jus.br
1748,sattasport.in
1749,xn--l3cg7a8a0cwa3f.com
1750,satta-king-fixed-no.in
1751,mlwbd.lv
1752,vlxx.lol
1753,madrasati.sa
1754,24xxx.date
1755,bappam.market
1756,oath.cloud
1757,staseraintv.com
1758,lotterysambadresult.in
1759,filmyfly.wales
1760,tv51.wiki
1761,xvideosporno.blog.br
1762,funinexchange.com
1763,satta-king-fast.com
1764,spboss.in
1765,dayroomexquisiteprivatize.com
1766,playinexch.com
1767,g-xyz.xyz
1768,com.se
1769,sattamatkano1.me
1770,kolkataff.in
1771,onlar.az
1772,capitalonegslbex.com
1773,hdhub4u.contact
1774,nregastrep.nic.in
1775,xxxhindixxx.co
1776,bytedns1.com
1777,alikunlun.com
1778,aadrm.com
1779,oreilly.com
1780,trellix.com
1781,vox.com
1782,connatix.com
1783,bcvcdn.com
1784,gartner.com
1785,inc.com
1786,omni.ru
1787,acs.org
1788,craigslist.org
1789,alipay.com
1790,ftc.gov
1791,aws-prd.net
1792,scientificamerican.com
1793,sun.com
1794,app.link
1795,fc2.com
1796,zpath.net
1797,mtu.ru
1798,apple-cloudkit.com
1799,tripod.com
1800,norton.com
1801,truste.com
1802,hpeprint.com
1803,utexas.edu
1804,tendawifi.com
1805,verizon.com
1806,science.org
1807,simpli.fi
1808,igodigital.com
1809,samsungconsent.com
1810,xinhuanet.com
1811,jamfcloud.com
1812,dbankedge.cn
1813,google.com.au
1814,hoster.kz
1815,acronis.com
1816,qwest.net
1817,variety.com
1818,wshareit.com
1819,hath.network
1820,afternic.com
1821,blooket.com
1822,sakura.ne.jp
1823,wpengine.com
1824,figma.com
1825,medallia.com
1826,he.net
1827,sendbird.com
1828,ukrpack.net
1829,xbox.com
1830,jwplayer.com
1831,mirror.co.uk
1832,wiktionary.org
1833,sfgate.com
1834,rings.solutions
1835,bt.co
1836,eff.org
1837,sogou.com
1838,iana.org
1839,quantummetric.com
1840,cmu.edu
1841,areteup.com
1842,telegra.ph
1843,msauth.net
1844,mncdn.com
1845,websitewelcome.com
1846,mosmedzdrav.ru
1847,iponweb.net
1848,fao.org
1849,bbb.org
1850,esportesdasorte.com
1851,battle.net
1852,matterport.com
1853,goguardian.com
1854,simplyhired-staging.com
1855,centrastage.net
1856,here.com
1857,cedexis-test.com
1858,fr.de
1859,www.nhs.uk
1860,gizmodo.com
1861,slate.com
1862,splashtop.com
1863,adsco.re
1864,proofpoint.com
1865,hik-connect.com
1866,sweb.ru
1867,dbankcdn.com
1868,americanexpress.com
1869,politico.com
1870,ebay.it
1871,fedoraproject.org
1872,jwpltx.com
1873,nba.com
1874,adswizz.com
1875,stackexchange.com
1876,jhu.edu
1877,thelancet.com
1878,udemy.com
1879,mathtag.com
1880,wetter.com
1881,thesun.co.uk
1882,aka.ms
1883,themeisle.com
1884,feedburner.com
1885,ads-twitter.com
1886,arstechnica.com
1887,pubnative.net
1888,ringcentral.com
1889,elegantthemes.com
1890,engadget.com
1891,garmin.com
1892,prserv.net
1893,mojohost.com
1894,threads.net
1895,rackspaceclouddb.com
1896,zalando.de
1897,credit-agricole.fr
1898,tawk.to
1899,ctmail.com
1900,ed.gov
1901,olympics.com
1902,uchicago.edu
1903,digg.com
1904,symantec.com
1905,google.co.id
1906,photobucket.com
1907,kernel.org
1908,canada.ca
1909,admanmedia.com
1910,qcloud.com
1911,techtarget.com
1912,si.edu
1913,letsencrypt.org
1914,keplr.app
1915,mediago.io
1916,script.ac
1917,vkplay.ru
1918,jamanetwork.com
1919,walkme.com
1920,liteapks.com
1921,dssedge.com
1922,mfadsrvr.com
1923,xhamster3.com
1924,adobelogin.com
1925,trueconf.net
1926,evergage.com
1927,siemens.com
1928,postgresql.org
1929,drweb.com
1930,p-cdn.us
1931,azure-api.net
1932,usgs.gov
1933,azure.net
1934,ozone.ru
1935,wordwall.net
1936,census.gov
1937,pnas.org
1938,webhostbox.net
1939,liquipedia.net
1940,cornelsen.de
1941,google.nl
1942,verkada.com
1943,getbootstrap.com
1944,nic.uk
1945,amap.com
1946,emxdgt.com
1947,edna.ru
1948,mparticle.com
1949,e-volution.ai
1950,typing.com
1951,jagran.com
1952,squareup.com
1953,euronews.com
1954,timeanddate.com
1955,vtb.ru
1956,dondominio.com
1957,mathplayground.com
1958,barnesandnoble.com
1959,sinaedge.com
1960,acm.org
1961,tribalfusion.com
1962,collegeboard.org
1963,house.gov
1964,meb.gov.tr
1965,zearn.org
1966,privacymanager.io
1967,sinsay.com
1968,ultradns.com
1969,bls.gov
1970,nubank.com.br
1971,wunderground.com
1972,asus.com
1973,coinmaster.com
1974,xhamster19.com
1975,boardgamearena.com
1976,crazyegg.com
1977,ndmais.com.br
1978,segment.com
1979,drmgms.com
1980,mapbox.com
1981,vecdnlb.com
1982,ctadns.cn
1983,njav.tv
1984,wetransfer.com
1985,loopme.me
1986,eu-1-id5-sync.com
1987,xxx18.uno
1988,rollingstone.com
1989,kuaishou.com
1990,globenewswire.com
1991,kidsa-z.com
1992,bund.de
1993,dictionary.com
1994,tealiumiq.com
1995,taktube.net
1996,playfabapi.com
1997,docker.io
1998,faradeed.ir
1999,guardian.co.uk
2000,hhs.gov
